{
  "Edges": [
    {
      "src": 0,
      "w": 2,
      "dest": 1
    },
    {
      "src": 0,
      "w": 2,
      "dest": 2
    }
  ],
  "Nodes": [
    {
      "pos": "35.18753053591606,32.10378225882353,0.0",
      "id": 0
    },
    {
      "pos": "35.18958953510896,32.10785303529412,0.0",
      "id": 1
    },
    {
      "pos": "35.19341035835351,32.10610841680672,0.0",
      "id": 2
    }
  ]
}